,house,static_offline_cost
0,b,838.975709015201
1,c,1133.9618125195716
2,f,147379.4477871366
