,house,static_offline_cost
0,b,1018.4763277719027
1,c,1355.8307444719971
2,f,183137.46673490093
